Student ID,Full Name,Programme,Level,GPA,Email,Phone,Date Added,Status
01222892b,Ameyaw Samuel,Electrical,200,4.00,samuel@gmail.com,0555536384,2026-02-23,Active
01293678b,Kofi Kelvin,Computer Science,200,2.50,kofi@gmail.com,0598746587,2026-02-23,Active
01987695b,Amoah Jacob,Nursing,300,3.20,amo123@gmail.com,0557768465,2026-02-23,Active
01897689b,Jonathan Boamah,Btech Mechanical Engineering,400,3.97,boamah2@gmail.com,0247911009,2026-02-23,Active
012289893B,Johnson Opoku,Btech Civil Engineering,100,1.40,jonopo12@gmail.com,0276919342,2026-02-23,Active
01222998b,Owusu Joseph,Btech Electrical,300,1.50,owujos@gmail.com,0555456789,2026-02-25,Inactive
01896897b,Amoah Jacob,Computer Science,400,3.40,amojacob12@gmail.com,0278907668,2026-02-25,Active
01222489b,Jibril Abdul Rahman,Btech Electrical Engineering,400,3.56,bdulrahman123@gmail.com,0245104452,2026-02-26,Active
01222548b,Okai Isaac ,Btech Electrical Engineering,400,3.15,okaiisaac124@gmail.com,05442301099,2026-02-26,Active
01222675b,Baba Tendey,HND Computer Science,100,3.49,babatendey897@gmail.com,0556432189,2026-02-26,Active
