StudentId,FullName,Programme,Level,GPA,Email,PhoneNumber,DateAdded,Status
STU001,Kwame Appiah,Computer Science,100,3.6,kwame.appiah@gmail.com,0241000001,2025-09-01,Active
STU002,Ama Owusu,Engineering,200,3.8,ama.owusu@gmail.com,0541000002,2025-09-02,Active
STU003,Kofi Mensah,Business,300,2.5,kofi.mensah@gmail.com,0201000003,2025-09-03,Active
STU004,Yaa Osei,Nursing,400,3.9,yaa.osei@gmail.com,0271000004,2025-09-04,Active
STU005,Yaw Boateng,Computer Science,100,2.1,yaw.boateng@gmail.com,0551000005,2025-09-05,Inactive
STU006,Akosua Asamoah,Engineering,200,3.4,akosua.asamoah@gmail.com,0241000006,2025-09-06,Active
STU007,Kojo Arthur,Business,300,2.8,kojo.arthur@gmail.com,0541000007,2025-09-07,Active
STU008,Abena Addo,Nursing,400,3.2,abena.addo@gmail.com,0201000008,2025-09-08,Active
STU009,Kwabena Frimpong,Computer Science,100,1.9,kwabena.frimpong@gmail.com,0271000009,2025-09-09,Inactive
STU010,Afia Agyapong,Engineering,200,3.7,afia.agyapong@gmail.com,0551000010,2025-09-10,Active
STU011,Kwasi Baah,Business,300,2.9,kwasi.baah@gmail.com,0241000011,2025-09-11,Active
STU012,Akua Boakye,Nursing,400,3.5,akua.boakye@gmail.com,0541000012,2025-09-12,Active
STU013,Mensah Danquah,Computer Science,100,3.1,mensah.danquah@gmail.com,0201000013,2025-09-13,Active
STU014,Serwaa Gyan,Engineering,200,2.4,serwaa.gyan@gmail.com,0271000014,2025-09-14,Active
STU015,Osei Kumi,Business,300,3.0,osei.kumi@gmail.com,0551000015,2025-09-15,Active
STU016,Nana Ofori,Nursing,400,3.8,nana.ofori@gmail.com,0241000016,2025-09-16,Active
STU017,Esi Poku,Computer Science,100,1.5,esi.poku@gmail.com,0541000017,2025-09-17,Inactive
STU018,Efua Quaye,Engineering,200,3.6,efua.quaye@gmail.com,0201000018,2025-09-18,Active
STU019,Adwoa Tetteh,Business,300,2.7,adwoa.tetteh@gmail.com,0271000019,2025-09-19,Active
STU020,Kwame Sarkodie,Nursing,400,3.3,kwame.sarkodie@gmail.com,0551000020,2025-09-20,Active
STU021,Ama Appiah,Computer Science,200,3.9,ama.appiah@gmail.com,0241000021,2025-09-21,Active
STU022,Kofi Owusu,Engineering,300,2.2,kofi.owusu@gmail.com,0541000022,2025-09-22,Inactive
STU023,Yaa Mensah,Business,400,3.4,yaa.mensah@gmail.com,0201000023,2025-09-23,Active
STU024,Yaw Osei,Nursing,100,2.6,yaw.osei@gmail.com,0271000024,2025-09-24,Active
STU025,Akosua Boateng,Computer Science,200,3.7,akosua.boateng@gmail.com,0551000025,2025-09-25,Active
STU026,Kojo Asamoah,Engineering,300,3.1,kojo.asamoah@gmail.com,0241000026,2025-09-26,Active
STU027,Abena Arthur,Business,400,2.9,abena.arthur@gmail.com,0541000027,2025-09-27,Active
STU028,Kwabena Addo,Nursing,100,3.5,kwabena.addo@gmail.com,0201000028,2025-09-28,Active
STU029,Afia Frimpong,Computer Science,200,1.8,afia.frimpong@gmail.com,0271000029,2025-09-29,Inactive
STU030,Kwasi Agyapong,Engineering,300,3.2,kwasi.agyapong@gmail.com,0551000030,2025-09-30,Active
STU031,Akua Baah,Business,400,3.8,akua.baah@gmail.com,0241000031,2025-10-01,Active
STU032,Mensah Boakye,Nursing,100,2.3,mensah.boakye@gmail.com,0541000032,2025-10-02,Active
STU033,Serwaa Danquah,Computer Science,200,3.6,serwaa.danquah@gmail.com,0201000033,2025-10-03,Active
STU034,Osei Gyan,Engineering,300,2.7,osei.gyan@gmail.com,0271000034,2025-10-04,Active
STU035,Nana Kumi,Business,400,3.4,nana.kumi@gmail.com,0551000035,2025-10-05,Active
STU036,Esi Ofori,Nursing,100,3.9,esi.ofori@gmail.com,0241000036,2025-10-06,Active
STU037,Efua Poku,Computer Science,200,2.0,efua.poku@gmail.com,0541000037,2025-10-07,Inactive
STU038,Adwoa Quaye,Engineering,300,3.5,adwoa.quaye@gmail.com,0201000038,2025-10-08,Active
STU039,Kwame Tetteh,Business,400,2.8,kwame.tetteh@gmail.com,0271000039,2025-10-09,Active
STU040,Ama Sarkodie,Nursing,100,3.3,ama.sarkodie@gmail.com,0551000040,2025-10-10,Active
STU041,Kofi Appiah,Computer Science,300,3.7,kofi.appiah@gmail.com,0241000041,2025-10-11,Active
STU042,Yaa Owusu,Engineering,400,2.4,yaa.owusu@gmail.com,0541000042,2025-10-12,Active
STU043,Yaw Mensah,Business,100,3.6,yaw.mensah@gmail.com,0201000043,2025-10-13,Active
STU044,Akosua Osei,Nursing,200,2.5,akosua.osei@gmail.com,0271000044,2025-10-14,Active
STU045,Kojo Boateng,Computer Science,300,3.8,kojo.boateng@gmail.com,0551000045,2025-10-15,Active
STU046,Abena Asamoah,Engineering,400,3.2,abena.asamoah@gmail.com,0241000046,2025-10-16,Active
STU047,Kwabena Arthur,Business,100,2.9,kwabena.arthur@gmail.com,0541000047,2025-10-17,Active
STU048,Afia Addo,Nursing,200,3.4,afia.addo@gmail.com,0201000048,2025-10-18,Active
STU049,Kwasi Frimpong,Computer Science,300,1.7,kwasi.frimpong@gmail.com,0271000049,2025-10-19,Inactive
STU050,Akua Agyapong,Engineering,400,3.1,akua.agyapong@gmail.com,0551000050,2025-10-20,Active
STU051,Mensah Baah,Business,100,3.9,mensah.baah@gmail.com,0241000051,2025-10-21,Active
STU052,Serwaa Boakye,Nursing,200,2.1,serwaa.boakye@gmail.com,0541000052,2025-10-22,Inactive
STU053,Osei Danquah,Computer Science,300,3.5,osei.danquah@gmail.com,0201000053,2025-10-23,Active
STU054,Nana Gyan,Engineering,400,2.8,nana.gyan@gmail.com,0271000054,2025-10-24,Active
STU055,Esi Kumi,Business,100,3.3,esi.kumi@gmail.com,0551000055,2025-10-25,Active
STU056,Efua Ofori,Nursing,200,3.7,efua.ofori@gmail.com,0241000056,2025-10-26,Active
STU057,Adwoa Poku,Computer Science,300,2.2,adwoa.poku@gmail.com,0541000057,2025-10-27,Active
STU058,Kwame Quaye,Engineering,400,3.6,kwame.quaye@gmail.com,0201000058,2025-10-28,Active
STU059,Ama Tetteh,Business,100,2.6,ama.tetteh@gmail.com,0271000059,2025-10-29,Active
STU060,Kofi Sarkodie,Nursing,200,3.4,kofi.sarkodie@gmail.com,0551000060,2025-10-30,Active
STU061,Yaa Appiah,Computer Science,400,3.8,yaa.appiah@gmail.com,0241000061,2025-10-31,Active
STU062,Yaw Owusu,Engineering,100,2.5,yaw.owusu@gmail.com,0541000062,2025-11-01,Active
STU063,Akosua Mensah,Business,200,3.5,akosua.mensah@gmail.com,0201000063,2025-11-02,Active
STU064,Kojo Osei,Nursing,300,2.7,kojo.osei@gmail.com,0271000064,2025-11-03,Active
STU065,Abena Boateng,Computer Science,400,3.9,abena.boateng@gmail.com,0551000065,2025-11-04,Active
STU066,Kwabena Asamoah,Engineering,100,3.0,kwabena.asamoah@gmail.com,0241000066,2025-11-05,Active
STU067,Afia Arthur,Business,200,2.8,afia.arthur@gmail.com,0541000067,2025-11-06,Active
STU068,Kwasi Addo,Nursing,300,3.6,kwasi.addo@gmail.com,0201000068,2025-11-07,Active
STU069,Akua Frimpong,Computer Science,400,1.6,akua.frimpong@gmail.com,0271000069,2025-11-08,Inactive
STU070,Mensah Agyapong,Engineering,100,3.3,mensah.agyapong@gmail.com,0551000070,2025-11-09,Active
STU071,Serwaa Baah,Business,200,3.7,serwaa.baah@gmail.com,0241000071,2025-11-10,Active
STU072,Osei Boakye,Nursing,300,2.4,osei.boakye@gmail.com,0541000072,2025-11-11,Active
STU073,Nana Danquah,Computer Science,400,3.4,nana.danquah@gmail.com,0201000073,2025-11-12,Active
STU074,Esi Gyan,Engineering,100,2.9,esi.gyan@gmail.com,0271000074,2025-11-13,Active
STU075,Efua Kumi,Business,200,3.5,efua.kumi@gmail.com,0551000075,2025-11-14,Active
STU076,Adwoa Ofori,Nursing,300,3.8,adwoa.ofori@gmail.com,0241000076,2025-11-15,Active
STU077,Kwame Poku,Computer Science,100,2.1,kwame.poku@gmail.com,0541000077,2025-11-16,Inactive
STU078,Ama Quaye,Engineering,200,3.7,ama.quaye@gmail.com,0201000078,2025-11-17,Active
STU079,Kofi Tetteh,Business,300,2.6,kofi.tetteh@gmail.com,0271000079,2025-11-18,Active
STU080,Yaa Sarkodie,Nursing,400,3.2,yaa.sarkodie@gmail.com,0551000080,2025-11-19,Active
STU081,Yaw Appiah,Computer Science,100,3.9,yaw.appiah@gmail.com,0241000081,2025-11-20,Active
STU082,Akosua Owusu,Engineering,200,2.3,akosua.owusu@gmail.com,0541000082,2025-11-21,Inactive
STU083,Kojo Mensah,Business,300,3.6,kojo.mensah@gmail.com,0201000083,2025-11-22,Active
STU084,Abena Osei,Nursing,400,2.8,abena.osei@gmail.com,0271000084,2025-11-23,Active
STU085,Kwabena Boateng,Computer Science,100,3.7,kwabena.boateng@gmail.com,0551000085,2025-11-24,Active
STU086,Afia Asamoah,Engineering,200,3.1,afia.asamoah@gmail.com,0241000086,2025-11-25,Active
STU087,Kwasi Arthur,Business,300,2.9,kwasi.arthur@gmail.com,0541000087,2025-11-26,Active
STU088,Akua Addo,Nursing,400,3.4,akua.addo@gmail.com,0201000088,2025-11-27,Active
STU089,Mensah Frimpong,Computer Science,100,1.9,mensah.frimpong@gmail.com,0271000089,2025-11-28,Inactive
STU090,Serwaa Agyapong,Engineering,200,3.2,serwaa.agyapong@gmail.com,0551000090,2025-11-29,Active
STU091,Osei Baah,Business,300,3.8,osei.baah@gmail.com,0241000091,2025-11-30,Active
STU092,Nana Boakye,Nursing,400,2.2,nana.boakye@gmail.com,0541000092,2025-12-01,Inactive
STU093,Esi Danquah,Computer Science,100,3.5,esi.danquah@gmail.com,0201000093,2025-12-02,Active
STU094,Efua Gyan,Engineering,200,2.7,efua.gyan@gmail.com,0271000094,2025-12-03,Active
STU095,Adwoa Kumi,Business,300,3.3,adwoa.kumi@gmail.com,0551000095,2025-12-04,Active
STU096,Kwame Ofori,Nursing,400,3.9,kwame.ofori@gmail.com,0241000096,2025-12-05,Active
STU097,Ama Poku,Computer Science,200,2.0,ama.poku@gmail.com,0541000097,2025-12-06,Inactive
STU098,Kofi Quaye,Engineering,300,3.6,kofi.quaye@gmail.com,0201000098,2025-12-07,Active
STU099,Yaa Tetteh,Business,400,2.8,yaa.tetteh@gmail.com,0271000099,2025-12-08,Active
STU100,Yaw Sarkodie,Nursing,100,3.4,yaw.sarkodie@gmail.com,0551000100,2025-12-09,Active
STU101,Akosua Appiah,Computer Science,200,3.7,akosua.appiah@gmail.com,0241000101,2025-12-10,Active
STU102,Kojo Owusu,Engineering,300,2.5,kojo.owusu@gmail.com,0541000102,2025-12-11,Active
STU103,Abena Mensah,Business,400,3.5,abena.mensah@gmail.com,0201000103,2025-12-12,Active
STU104,Kwabena Osei,Nursing,100,2.6,kwabena.osei@gmail.com,0271000104,2025-12-13,Active
STU105,Afia Boateng,Computer Science,200,3.8,afia.boateng@gmail.com,0551000105,2025-12-14,Active
STU106,Kwasi Asamoah,Engineering,300,3.1,kwasi.asamoah@gmail.com,0241000106,2025-12-15,Active
STU107,Akua Arthur,Business,400,2.9,akua.arthur@gmail.com,0541000107,2025-12-16,Active
STU108,Mensah Addo,Nursing,100,3.4,mensah.addo@gmail.com,0201000108,2025-12-17,Active
STU109,Serwaa Frimpong,Computer Science,200,1.8,serwaa.frimpong@gmail.com,0271000109,2025-12-18,Inactive
STU110,Osei Agyapong,Engineering,300,3.3,osei.agyapong@gmail.com,0551000110,2025-12-19,Active
STU111,Nana Baah,Business,400,3.9,nana.baah@gmail.com,0241000111,2025-12-20,Active
STU112,Esi Boakye,Nursing,100,2.4,esi.boakye@gmail.com,0541000112,2025-12-21,Inactive
STU113,Efua Danquah,Computer Science,200,3.6,efua.danquah@gmail.com,0201000113,2025-12-22,Active
STU114,Adwoa Gyan,Engineering,300,2.8,adwoa.gyan@gmail.com,0271000114,2025-12-23,Active
STU115,Kwame Kumi,Business,400,3.4,kwame.kumi@gmail.com,0551000115,2025-12-24,Active
STU116,Ama Ofori,Nursing,100,3.8,ama.ofori@gmail.com,0241000116,2025-12-25,Active
STU117,Kofi Poku,Computer Science,200,2.1,kofi.poku@gmail.com,0541000117,2025-12-26,Inactive
STU118,Yaa Quaye,Engineering,300,3.7,yaa.quaye@gmail.com,0201000118,2025-12-27,Active
STU119,Yaw Tetteh,Business,400,2.7,yaw.tetteh@gmail.com,0271000119,2025-12-28,Active
STU120,Akosua Sarkodie,Nursing,100,3.3,akosua.sarkodie@gmail.com,0551000120,2025-12-29,Active
STU121,Kojo Appiah,Computer Science,300,3.8,kojo.appiah@gmail.com,0241000121,2025-12-30,Active
STU122,Abena Owusu,Engineering,400,2.4,abena.owusu@gmail.com,0541000122,2025-12-31,Inactive
STU123,Kwabena Mensah,Business,100,3.5,kwabena.mensah@gmail.com,0201000123,2026-01-01,Active
STU124,Afia Osei,Nursing,200,2.7,afia.osei@gmail.com,0271000124,2026-01-02,Active
STU125,Kwasi Boateng,Computer Science,300,3.9,kwasi.boateng@gmail.com,0551000125,2026-01-03,Active
STU126,Akua Asamoah,Engineering,400,3.0,akua.asamoah@gmail.com,0241000126,2026-01-04,Active
STU127,Mensah Arthur,Business,100,2.8,mensah.arthur@gmail.com,0541000127,2026-01-05,Active
STU128,Serwaa Addo,Nursing,200,3.6,serwaa.addo@gmail.com,0201000128,2026-01-06,Active
STU129,Osei Frimpong,Computer Science,300,1.7,osei.frimpong@gmail.com,0271000129,2026-01-07,Inactive
STU130,Nana Agyapong,Engineering,400,3.2,nana.agyapong@gmail.com,0551000130,2026-01-08,Active
STU131,Esi Baah,Business,100,3.8,esi.baah@gmail.com,0241000131,2026-01-09,Active
STU132,Efua Boakye,Nursing,200,2.3,efua.boakye@gmail.com,0541000132,2026-01-10,Inactive
STU133,Adwoa Danquah,Computer Science,300,3.5,adwoa.danquah@gmail.com,0201000133,2026-01-11,Active
STU134,Kwame Gyan,Engineering,400,2.9,kwame.gyan@gmail.com,0271000134,2026-01-12,Active
STU135,Ama Kumi,Business,100,3.4,ama.kumi@gmail.com,0551000135,2026-01-13,Active
STU136,Kofi Ofori,Nursing,200,3.9,kofi.ofori@gmail.com,0241000136,2026-01-14,Active
STU137,Yaa Poku,Computer Science,300,2.0,yaa.poku@gmail.com,0541000137,2026-01-15,Inactive
STU138,Yaw Quaye,Engineering,400,3.6,yaw.quaye@gmail.com,0201000138,2026-01-16,Active
STU139,Akosua Tetteh,Business,100,2.8,akosua.tetteh@gmail.com,0271000139,2026-01-17,Active
STU140,Kojo Sarkodie,Nursing,200,3.3,kojo.sarkodie@gmail.com,0551000140,2026-01-18,Active
STU141,Abena Appiah,Computer Science,400,3.7,abena.appiah@gmail.com,0241000141,2026-01-19,Active
STU142,Kwabena Owusu,Engineering,100,2.5,kwabena.owusu@gmail.com,0541000142,2026-01-20,Active
STU143,Afia Mensah,Business,200,3.6,afia.mensah@gmail.com,0201000143,2026-01-21,Active
STU144,Kwasi Osei,Nursing,300,2.6,kwasi.osei@gmail.com,0271000144,2026-01-22,Active
STU145,Akua Boateng,Computer Science,400,3.8,akua.boateng@gmail.com,0551000145,2026-01-23,Active
STU146,Mensah Asamoah,Engineering,100,3.1,mensah.asamoah@gmail.com,0241000146,2026-01-24,Active
STU147,Serwaa Arthur,Business,200,2.9,serwaa.arthur@gmail.com,0541000147,2026-01-25,Active
STU148,Osei Addo,Nursing,300,3.5,osei.addo@gmail.com,0201000148,2026-01-26,Active
STU149,Nana Frimpong,Computer Science,400,1.9,nana.frimpong@gmail.com,0271000149,2026-01-27,Inactive
STU150,Esi Agyapong,Engineering,100,3.3,esi.agyapong@gmail.com,0551000150,2026-01-28,Active
STU151,Efua Baah,Business,200,3.9,efua.baah@gmail.com,0241000151,2026-01-29,Active
STU152,Adwoa Boakye,Nursing,300,2.2,adwoa.boakye@gmail.com,0541000152,2026-01-30,Inactive
STU153,Kwame Danquah,Computer Science,400,3.6,kwame.danquah@gmail.com,0201000153,2026-01-31,Active
STU154,Ama Gyan,Engineering,100,2.7,ama.gyan@gmail.com,0271000154,2026-02-01,Active
STU155,Kofi Kumi,Business,200,3.4,kofi.kumi@gmail.com,0551000155,2026-02-02,Active
STU156,Yaa Ofori,Nursing,300,3.8,yaa.ofori@gmail.com,0241000156,2026-02-03,Active
STU157,Yaw Poku,Computer Science,400,2.1,yaw.poku@gmail.com,0541000157,2026-02-04,Inactive
STU158,Akosua Quaye,Engineering,100,3.7,akosua.quaye@gmail.com,0201000158,2026-02-05,Active
STU159,Kojo Tetteh,Business,200,2.8,kojo.tetteh@gmail.com,0271000159,2026-02-06,Active
STU160,Abena Sarkodie,Nursing,300,3.3,abena.sarkodie@gmail.com,0551000160,2026-02-07,Active
STU161,Kwabena Appiah,Computer Science,100,3.8,kwabena.appiah@gmail.com,0241000161,2026-02-08,Active
STU162,Afia Owusu,Engineering,200,2.4,afia.owusu@gmail.com,0541000162,2026-02-09,Inactive
STU163,Kwasi Mensah,Business,300,3.5,kwasi.mensah@gmail.com,0201000163,2026-02-10,Active
STU164,Akua Osei,Nursing,400,2.7,akua.osei@gmail.com,0271000164,2026-02-11,Active
STU165,Mensah Boateng,Computer Science,100,3.9,mensah.boateng@gmail.com,0551000165,2026-02-12,Active
STU166,Serwaa Asamoah,Engineering,200,3.0,serwaa.asamoah@gmail.com,0241000166,2026-02-13,Active
STU167,Osei Arthur,Business,300,2.8,osei.arthur@gmail.com,0541000167,2026-02-14,Active
STU168,Nana Addo,Nursing,400,3.6,nana.addo@gmail.com,0201000168,2026-02-15,Active
STU169,Esi Frimpong,Computer Science,100,1.8,esi.frimpong@gmail.com,0271000169,2026-02-16,Inactive
STU170,Efua Agyapong,Engineering,200,3.2,efua.agyapong@gmail.com,0551000170,2026-02-17,Active
STU171,Adwoa Baah,Business,300,3.8,adwoa.baah@gmail.com,0241000171,2026-02-18,Active
STU172,Kwame Boakye,Nursing,400,2.3,kwame.boakye@gmail.com,0541000172,2026-02-19,Inactive
STU173,Ama Danquah,Computer Science,100,3.5,ama.danquah@gmail.com,0201000173,2026-02-20,Active
STU174,Kofi Gyan,Engineering,200,2.8,kofi.gyan@gmail.com,0271000174,2026-02-21,Active
STU175,Yaa Kumi,Business,300,3.4,yaa.kumi@gmail.com,0551000175,2026-02-22,Active
STU176,Yaw Ofori,Nursing,400,3.9,yaw.ofori@gmail.com,0241000176,2026-02-23,Active
STU177,Akosua Poku,Computer Science,100,2.0,akosua.poku@gmail.com,0541000177,2026-02-24,Inactive
STU178,Kojo Quaye,Engineering,200,3.6,kojo.quaye@gmail.com,0201000178,2026-02-25,Active
STU179,Abena Tetteh,Business,300,2.7,abena.tetteh@gmail.com,0271000179,2026-02-26,Active
STU180,Kwabena Sarkodie,Nursing,400,3.3,kwabena.sarkodie@gmail.com,0551000180,2026-02-27,Active
STU181,Afia Appiah,Computer Science,200,3.8,afia.appiah@gmail.com,0241000181,2026-02-28,Active
STU182,Kwasi Owusu,Engineering,300,2.5,kwasi.owusu@gmail.com,0541000182,2026-03-01,Inactive
STU183,Akua Mensah,Business,400,3.5,akua.mensah@gmail.com,0201000183,2026-03-02,Active
STU184,Mensah Osei,Nursing,100,2.6,mensah.osei@gmail.com,0271000184,2026-03-03,Active
STU185,Serwaa Boateng,Computer Science,200,3.9,serwaa.boateng@gmail.com,0551000185,2026-03-04,Active
STU186,Osei Asamoah,Engineering,300,3.1,osei.asamoah@gmail.com,0241000186,2026-03-05,Active
STU187,Nana Arthur,Business,400,2.8,nana.arthur@gmail.com,0541000187,2026-03-06,Active
STU188,Esi Addo,Nursing,100,3.6,esi.addo@gmail.com,0201000188,2026-03-07,Active
STU189,Efua Frimpong,Computer Science,200,1.7,efua.frimpong@gmail.com,0271000189,2026-03-08,Inactive
STU190,Adwoa Agyapong,Engineering,300,3.3,adwoa.agyapong@gmail.com,0551000190,2026-03-09,Active
STU191,Kwame Baah,Business,400,3.8,kwame.baah@gmail.com,0241000191,2026-03-10,Active
STU192,Ama Boakye,Nursing,100,2.4,ama.boakye@gmail.com,0541000192,2026-03-11,Inactive
STU193,Kofi Danquah,Computer Science,200,3.6,kofi.danquah@gmail.com,0201000193,2026-03-12,Active
STU194,Yaa Gyan,Engineering,300,2.9,yaa.gyan@gmail.com,0271000194,2026-03-13,Active
STU195,Yaw Kumi,Business,400,3.4,yaw.kumi@gmail.com,0551000195,2026-03-14,Active
STU196,Akosua Ofori,Nursing,100,3.9,akosua.ofori@gmail.com,0241000196,2026-03-15,Active
STU197,Kojo Poku,Computer Science,200,2.0,kojo.poku@gmail.com,0541000197,2026-03-16,Inactive
STU198,Abena Quaye,Engineering,300,3.7,abena.quaye@gmail.com,0201000198,2026-03-17,Active
STU199,Kwabena Tetteh,Business,400,2.8,kwabena.tetteh@gmail.com,0271000199,2026-03-18,Active
STU200,Afia Sarkodie,Nursing,100,3.4,afia.sarkodie@gmail.com,0551000200,2026-03-19,Active