Student ID,Full Name,Programme,Level,GPA,Email,Phone,Date Added,Status
00987639w,Esi Poku,Computer Engineering,100,1.50,esi.poku@gmail.com,0541000017,2025-09-17,Inactive
05185123n,Akua Frimpong,Computer Engineering,400,1.60,akua.frimpong@gmail.com,0271000069,2025-11-08,Inactive
00493783n,Kwasi Frimpong,Architecture,300,1.70,kwasi.frimpong@gmail.com,0271000049,2025-10-19,Inactive
09259143n,Osei Frimpong,Medicine & Surgery,300,1.70,osei.frimpong@gmail.com,0271000129,2026-01-07,Inactive
03333163n,Efua Frimpong,Computer Engineering,200,1.70,efua.frimpong@gmail.com,0271000189,2026-03-08,Inactive
05802443n,Afia Frimpong,Mechanical Engineering,200,1.80,afia.frimpong@gmail.com,0271000029,2025-09-29,Inactive
04567803n,Serwaa Frimpong,Mathematics,200,1.80,serwaa.frimpong@gmail.com,0271000109,2025-12-18,Inactive
08641823n,Esi Frimpong,Civil Engineering,100,1.80,esi.frimpong@gmail.com,0271000169,2026-02-16,Inactive
01111103k,Kwabena Frimpong,Mechanical Engineering,100,1.90,kwabena.frimpong@gmail.com,0271000009,2025-09-09,Inactive
09876463n,Mensah Frimpong,Actuarial Science,100,1.90,mensah.frimpong@gmail.com,0271000089,2025-11-28,Inactive
03950483n,Nana Frimpong,Business Administration,400,1.90,nana.frimpong@gmail.com,0271000149,2026-01-27,Inactive
