Student ID,Full Name,Programme,Level,GPA,Email,Phone,Date Added,Status
01234567r,Kwame Appiah,Architecture,100,3.60,kwame.appiah@gmail.com,0241000001,2025-09-01,Active
02469134i,Ama Owusu,Computer Engineering,200,3.80,ama.owusu@gmail.com,0541000002,2025-09-02,Active
03703701z,Kofi Mensah,Computer Science,300,2.50,kofi.mensah@gmail.com,0201000003,2025-09-03,Active
04938268q,Yaa Osei,Medicine & Surgery,400,3.90,yaa.osei@gmail.com,0271000004,2025-09-04,Active
06172835h,Yaw Boateng,Statistics,100,2.10,yaw.boateng@gmail.com,0551000005,2025-09-05,Inactive
07407402y,Akosua Asamoah,Business Administration,200,3.40,akosua.asamoah@gmail.com,0241000006,2025-09-06,Active
08641969p,Kojo Arthur,Civil Engineering,300,2.80,kojo.arthur@gmail.com,0541000007,2025-09-07,Active
09876536g,Abena Addo,Actuarial Science,400,3.20,abena.addo@gmail.com,0201000008,2025-09-08,Active
01111103k,Kwabena Frimpong,Mechanical Engineering,100,1.90,kwabena.frimpong@gmail.com,0271000009,2025-09-09,Inactive
02345670o,Afia Agyapong,Mathematics,200,3.70,afia.agyapong@gmail.com,0551000010,2025-09-10,Active
03580237c,Kwasi Baah,Electrical Engineering,300,2.90,kwasi.baah@gmail.com,0241000011,2025-09-11,Active
04814804x,Akua Boakye,Law,400,3.50,akua.boakye@gmail.com,0541000012,2025-09-12,Active
06049371t,Mensah Danquah,Computer Science,100,3.10,mensah.danquah@gmail.com,0201000013,2025-09-13,Active
07283938j,Serwaa Gyan,Business Administration,200,2.40,serwaa.gyan@gmail.com,0271000014,2025-09-14,Active
08518505f,Osei Kumi,Architecture,300,3.00,osei.kumi@gmail.com,0551000015,2025-09-15,Active
09753072b,Nana Ofori,Civil Engineering,400,3.80,nana.ofori@gmail.com,0241000016,2025-09-16,Active
00987639w,Esi Poku,Computer Engineering,100,1.50,esi.poku@gmail.com,0541000017,2025-09-17,Inactive
02222206s,Efua Quaye,Mechanical Engineering,200,3.60,efua.quaye@gmail.com,0201000018,2025-09-18,Active
03456773n,Adwoa Tetteh,Medicine & Surgery,300,2.70,adwoa.tetteh@gmail.com,0271000019,2025-09-19,Active
04691340h,Kwame Sarkodie,Law,400,3.30,kwame.sarkodie@gmail.com,0551000020,2025-09-20,Active
05925907c,Ama Appiah,Mathematics,200,3.90,ama.appiah@gmail.com,0241000021,2025-09-21,Active
07160474x,Kofi Owusu,Statistics,300,2.20,kofi.owusu@gmail.com,0541000022,2025-09-22,Inactive
08395041s,Yaa Mensah,Actuarial Science,400,3.40,yaa.mensah@gmail.com,0201000023,2025-09-23,Active
09629608n,Yaw Osei,Electrical Engineering,100,2.60,yaw.osei@gmail.com,0271000024,2025-09-24,Active
00864175h,Akosua Boateng,Computer Engineering,200,3.70,akosua.boateng@gmail.com,0551000025,2025-09-25,Active
02098742c,Kojo Asamoah,Civil Engineering,300,3.10,kojo.asamoah@gmail.com,0241000026,2025-09-26,Active
03333309x,Abena Arthur,Architecture,400,2.90,abena.arthur@gmail.com,0541000027,2025-09-27,Active
04567876s,Kwabena Addo,Business Administration,100,3.50,kwabena.addo@gmail.com,0201000028,2025-09-28,Active
05802443n,Afia Frimpong,Mechanical Engineering,200,1.80,afia.frimpong@gmail.com,0271000029,2025-09-29,Inactive
07037010h,Kwasi Agyapong,Medicine & Surgery,300,3.20,kwasi.agyapong@gmail.com,0551000030,2025-09-30,Active
08271577c,Akua Baah,Law,400,3.80,akua.baah@gmail.com,0241000031,2025-10-01,Active
09506144x,Mensah Boakye,Mathematics,100,2.30,mensah.boakye@gmail.com,0541000032,2025-10-02,Active
00740711s,Serwaa Danquah,Statistics,200,3.60,serwaa.danquah@gmail.com,0201000033,2025-10-03,Active
01975278n,Osei Gyan,Actuarial Science,300,2.70,osei.gyan@gmail.com,0271000034,2025-10-04,Active
03209845h,Nana Kumi,Electrical Engineering,400,3.40,nana.kumi@gmail.com,0551000035,2025-10-05,Active
04444412c,Esi Ofori,Computer Engineering,100,3.90,esi.ofori@gmail.com,0241000036,2025-10-06,Active
05678979x,Efua Poku,Civil Engineering,200,2.00,efua.poku@gmail.com,0541000037,2025-10-07,Inactive
06913546s,Adwoa Quaye,Architecture,300,3.50,adwoa.quaye@gmail.com,0201000038,2025-10-08,Active
08148113n,Kwame Tetteh,Business Administration,400,2.80,kwame.tetteh@gmail.com,0271000039,2025-10-09,Active
09382680h,Ama Sarkodie,Mechanical Engineering,100,3.30,ama.sarkodie@gmail.com,0551000040,2025-10-10,Active
00617247c,Kofi Appiah,Medicine & Surgery,300,3.70,kofi.appiah@gmail.com,0241000041,2025-10-11,Active
01851814x,Yaa Owusu,Law,400,2.40,yaa.owusu@gmail.com,0541000042,2025-10-12,Active
03086381s,Yaw Mensah,Mathematics,100,3.60,yaw.mensah@gmail.com,0201000043,2025-10-13,Active
04320948n,Akosua Osei,Statistics,200,2.50,akosua.osei@gmail.com,0271000044,2025-10-14,Active
05555515h,Kojo Boateng,Actuarial Science,300,3.80,kojo.boateng@gmail.com,0551000045,2025-10-15,Active
06790082c,Abena Asamoah,Electrical Engineering,400,3.20,abena.asamoah@gmail.com,0241000046,2025-10-16,Active
08024649x,Kwabena Arthur,Computer Engineering,100,2.90,kwabena.arthur@gmail.com,0541000047,2025-10-17,Active
09259216s,Afia Addo,Civil Engineering,200,3.40,afia.addo@gmail.com,0201000048,2025-10-18,Active
00493783n,Kwasi Frimpong,Architecture,300,1.70,kwasi.frimpong@gmail.com,0271000049,2025-10-19,Inactive
01728350h,Akua Agyapong,Business Administration,400,3.10,akua.agyapong@gmail.com,0551000050,2025-10-20,Active
02962917c,Mensah Baah,Mechanical Engineering,100,3.90,mensah.baah@gmail.com,0241000051,2025-10-21,Active
04197484x,Serwaa Boakye,Medicine & Surgery,200,2.10,serwaa.boakye@gmail.com,0541000052,2025-10-22,Inactive
05432051s,Osei Danquah,Law,300,3.50,osei.danquah@gmail.com,0201000053,2025-10-23,Active
06666618n,Nana Gyan,Mathematics,400,2.80,nana.gyan@gmail.com,0271000054,2025-10-24,Active
07901185h,Esi Kumi,Statistics,100,3.30,esi.kumi@gmail.com,0551000055,2025-10-25,Active
09135752c,Efua Ofori,Actuarial Science,200,3.70,efua.ofori@gmail.com,0241000056,2025-10-26,Active
00370319x,Adwoa Poku,Electrical Engineering,300,2.20,adwoa.poku@gmail.com,0541000057,2025-10-27,Active
01604886s,Kwame Quaye,Computer Engineering,400,3.60,kwame.quaye@gmail.com,0201000058,2025-10-28,Active
02839453n,Ama Tetteh,Civil Engineering,100,2.60,ama.tetteh@gmail.com,0271000059,2025-10-29,Active
04074020h,Kofi Sarkodie,Architecture,200,3.40,kofi.sarkodie@gmail.com,0551000060,2025-10-30,Active
05308587c,Yaa Appiah,Business Administration,400,3.80,yaa.appiah@gmail.com,0241000061,2025-10-31,Active
06543154x,Yaw Owusu,Mechanical Engineering,100,2.50,yaw.owusu@gmail.com,0541000062,2025-11-01,Active
07777721s,Akosua Mensah,Medicine & Surgery,200,3.50,akosua.mensah@gmail.com,0201000063,2025-11-02,Active
09012288n,Kojo Osei,Law,300,2.70,kojo.osei@gmail.com,0271000064,2025-11-03,Active
00246855h,Abena Boateng,Mathematics,400,3.90,abena.boateng@gmail.com,0551000065,2025-11-04,Active
01481422c,Kwabena Asamoah,Statistics,100,3.00,kwabena.asamoah@gmail.com,0241000066,2025-11-05,Active
02715989x,Afia Arthur,Actuarial Science,200,2.80,afia.arthur@gmail.com,0541000067,2025-11-06,Active
03950556s,Kwasi Addo,Electrical Engineering,300,3.60,kwasi.addo@gmail.com,0201000068,2025-11-07,Active
05185123n,Akua Frimpong,Computer Engineering,400,1.60,akua.frimpong@gmail.com,0271000069,2025-11-08,Inactive
06419690h,Mensah Agyapong,Civil Engineering,100,3.30,mensah.agyapong@gmail.com,0551000070,2025-11-09,Active
07654257c,Serwaa Baah,Architecture,200,3.70,serwaa.baah@gmail.com,0241000071,2025-11-10,Active
08888824x,Osei Boakye,Business Administration,300,2.40,osei.boakye@gmail.com,0541000072,2025-11-11,Active
00123391s,Nana Danquah,Mechanical Engineering,400,3.40,nana.danquah@gmail.com,0201000073,2025-11-12,Active
01357958n,Esi Gyan,Medicine & Surgery,100,2.90,esi.gyan@gmail.com,0271000074,2025-11-13,Active
02592525h,Efua Kumi,Law,200,3.50,efua.kumi@gmail.com,0551000075,2025-11-14,Active
03827092c,Adwoa Ofori,Mathematics,300,3.80,adwoa.ofori@gmail.com,0241000076,2025-11-15,Active
05061659x,Kwame Poku,Statistics,100,2.10,kwame.poku@gmail.com,0541000077,2025-11-16,Inactive
06296226s,Ama Quaye,Actuarial Science,200,3.70,ama.quaye@gmail.com,0201000078,2025-11-17,Active
07530793n,Kofi Tetteh,Electrical Engineering,300,2.60,kofi.tetteh@gmail.com,0271000079,2025-11-18,Active
08765360h,Yaa Sarkodie,Computer Engineering,400,3.20,yaa.sarkodie@gmail.com,0551000080,2025-11-19,Active
09999927c,Yaw Appiah,Civil Engineering,100,3.90,yaw.appiah@gmail.com,0241000081,2025-11-20,Active
01234494x,Akosua Owusu,Architecture,200,2.30,akosua.owusu@gmail.com,0541000082,2025-11-21,Inactive
02469061s,Kojo Mensah,Business Administration,300,3.60,kojo.mensah@gmail.com,0201000083,2025-11-22,Active
03703628n,Abena Osei,Mechanical Engineering,400,2.80,abena.osei@gmail.com,0271000084,2025-11-23,Active
04938195h,Kwabena Boateng,Medicine & Surgery,100,3.70,kwabena.boateng@gmail.com,0551000085,2025-11-24,Active
06172762c,Afia Asamoah,Law,200,3.10,afia.asamoah@gmail.com,0241000086,2025-11-25,Active
07407329x,Kwasi Arthur,Mathematics,300,2.90,kwasi.arthur@gmail.com,0541000087,2025-11-26,Active
08641896s,Akua Addo,Statistics,400,3.40,akua.addo@gmail.com,0201000088,2025-11-27,Active
09876463n,Mensah Frimpong,Actuarial Science,100,1.90,mensah.frimpong@gmail.com,0271000089,2025-11-28,Inactive
01111030h,Serwaa Agyapong,Electrical Engineering,200,3.20,serwaa.agyapong@gmail.com,0551000090,2025-11-29,Active
02345597c,Osei Baah,Computer Engineering,300,3.80,osei.baah@gmail.com,0241000091,2025-11-30,Active
03580164x,Nana Boakye,Civil Engineering,400,2.20,nana.boakye@gmail.com,0541000092,2025-12-01,Inactive
04814731s,Esi Danquah,Architecture,100,3.50,esi.danquah@gmail.com,0201000093,2025-12-02,Active
06049298n,Efua Gyan,Business Administration,200,2.70,efua.gyan@gmail.com,0271000094,2025-12-03,Active
07283865h,Adwoa Kumi,Mechanical Engineering,300,3.30,adwoa.kumi@gmail.com,0551000095,2025-12-04,Active
08518432c,Kwame Ofori,Medicine & Surgery,400,3.90,kwame.ofori@gmail.com,0241000096,2025-12-05,Active
09752999x,Ama Poku,Law,200,2.00,ama.poku@gmail.com,0541000097,2025-12-06,Inactive
00987566s,Kofi Quaye,Mathematics,300,3.60,kofi.quaye@gmail.com,0201000098,2025-12-07,Active
02222133n,Yaa Tetteh,Statistics,400,2.80,yaa.tetteh@gmail.com,0271000099,2025-12-08,Active
03456700h,Yaw Sarkodie,Actuarial Science,100,3.40,yaw.sarkodie@gmail.com,0551000100,2025-12-09,Active
04691267c,Akosua Appiah,Electrical Engineering,200,3.70,akosua.appiah@gmail.com,0241000101,2025-12-10,Active
05925834x,Kojo Owusu,Computer Engineering,300,2.50,kojo.owusu@gmail.com,0541000102,2025-12-11,Active
07160401s,Abena Mensah,Civil Engineering,400,3.50,abena.mensah@gmail.com,0201000103,2025-12-12,Active
08394968n,Kwabena Osei,Architecture,100,2.60,kwabena.osei@gmail.com,0271000104,2025-12-13,Active
09629535h,Afia Boateng,Business Administration,200,3.80,afia.boateng@gmail.com,0551000105,2025-12-14,Active
00864102c,Kwasi Asamoah,Mechanical Engineering,300,3.10,kwasi.asamoah@gmail.com,0241000106,2025-12-15,Active
02098669x,Akua Arthur,Medicine & Surgery,400,2.90,akua.arthur@gmail.com,0541000107,2025-12-16,Active
03333236s,Mensah Addo,Law,100,3.40,mensah.addo@gmail.com,0201000108,2025-12-17,Active
04567803n,Serwaa Frimpong,Mathematics,200,1.80,serwaa.frimpong@gmail.com,0271000109,2025-12-18,Inactive
05802370h,Osei Agyapong,Statistics,300,3.30,osei.agyapong@gmail.com,0551000110,2025-12-19,Active
07036937c,Nana Baah,Actuarial Science,400,3.90,nana.baah@gmail.com,0241000111,2025-12-20,Active
08271504x,Esi Boakye,Electrical Engineering,100,2.40,esi.boakye@gmail.com,0541000112,2025-12-21,Inactive
09506071s,Efua Danquah,Computer Engineering,200,3.60,efua.danquah@gmail.com,0201000113,2025-12-22,Active
00740638n,Adwoa Gyan,Civil Engineering,300,2.80,adwoa.gyan@gmail.com,0271000114,2025-12-23,Active
01975205h,Kwame Kumi,Architecture,400,3.40,kwame.kumi@gmail.com,0551000115,2025-12-24,Active
03209772c,Ama Ofori,Business Administration,100,3.80,ama.ofori@gmail.com,0241000116,2025-12-25,Active
04444339x,Kofi Poku,Mechanical Engineering,200,2.10,kofi.poku@gmail.com,0541000117,2025-12-26,Inactive
05678906s,Yaa Quaye,Medicine & Surgery,300,3.70,yaa.quaye@gmail.com,0201000118,2025-12-27,Active
06913473n,Yaw Tetteh,Law,400,2.70,yaw.tetteh@gmail.com,0271000119,2025-12-28,Active
08148040h,Akosua Sarkodie,Mathematics,100,3.30,akosua.sarkodie@gmail.com,0551000120,2025-12-29,Active
09382607c,Kojo Appiah,Statistics,300,3.80,kojo.appiah@gmail.com,0241000121,2025-12-30,Active
00617174x,Abena Owusu,Actuarial Science,400,2.40,abena.owusu@gmail.com,0541000122,2025-12-31,Inactive
01851741s,Kwabena Mensah,Electrical Engineering,100,3.50,kwabena.mensah@gmail.com,0201000123,2026-01-01,Active
03086308n,Afia Osei,Computer Engineering,200,2.70,afia.osei@gmail.com,0271000124,2026-01-02,Active
04320875h,Kwasi Boateng,Civil Engineering,300,3.90,kwasi.boateng@gmail.com,0551000125,2026-01-03,Active
05555442c,Akua Asamoah,Architecture,400,3.00,akua.asamoah@gmail.com,0241000126,2026-01-04,Active
06790009x,Mensah Arthur,Business Administration,100,2.80,mensah.arthur@gmail.com,0541000127,2026-01-05,Active
08024576s,Serwaa Addo,Mechanical Engineering,200,3.60,serwaa.addo@gmail.com,0201000128,2026-01-06,Active
09259143n,Osei Frimpong,Medicine & Surgery,300,1.70,osei.frimpong@gmail.com,0271000129,2026-01-07,Inactive
00493710h,Nana Agyapong,Law,400,3.20,nana.agyapong@gmail.com,0551000130,2026-01-08,Active
01728277c,Esi Baah,Mathematics,100,3.80,esi.baah@gmail.com,0241000131,2026-01-09,Active
02962844x,Efua Boakye,Statistics,200,2.30,efua.boakye@gmail.com,0541000132,2026-01-10,Inactive
04197411s,Adwoa Danquah,Actuarial Science,300,3.50,adwoa.danquah@gmail.com,0201000133,2026-01-11,Active
05431978n,Kwame Gyan,Electrical Engineering,400,2.90,kwame.gyan@gmail.com,0271000134,2026-01-12,Active
06666545h,Ama Kumi,Computer Engineering,100,3.40,ama.kumi@gmail.com,0551000135,2026-01-13,Active
07901112c,Kofi Ofori,Civil Engineering,200,3.90,kofi.ofori@gmail.com,0241000136,2026-01-14,Active
09135679x,Yaa Poku,Architecture,300,2.00,yaa.poku@gmail.com,0541000137,2026-01-15,Inactive
00370246s,Yaw Quaye,Business Administration,400,3.60,yaw.quaye@gmail.com,0201000138,2026-01-16,Active
01604813n,Akosua Tetteh,Mechanical Engineering,100,2.80,akosua.tetteh@gmail.com,0271000139,2026-01-17,Active
02839380h,Kojo Sarkodie,Medicine & Surgery,200,3.30,kojo.sarkodie@gmail.com,0551000140,2026-01-18,Active
04073947c,Abena Appiah,Law,400,3.70,abena.appiah@gmail.com,0241000141,2026-01-19,Active
05308514x,Kwabena Owusu,Mathematics,100,2.50,kwabena.owusu@gmail.com,0541000142,2026-01-20,Active
06543081s,Afia Mensah,Statistics,200,3.60,afia.mensah@gmail.com,0201000143,2026-01-21,Active
07777648n,Kwasi Osei,Actuarial Science,300,2.60,kwasi.osei@gmail.com,0271000144,2026-01-22,Active
09012215h,Akua Boateng,Electrical Engineering,400,3.80,akua.boateng@gmail.com,0551000145,2026-01-23,Active
00246782c,Mensah Asamoah,Computer Engineering,100,3.10,mensah.asamoah@gmail.com,0241000146,2026-01-24,Active
01481349x,Serwaa Arthur,Civil Engineering,200,2.90,serwaa.arthur@gmail.com,0541000147,2026-01-25,Active
02715916s,Osei Addo,Architecture,300,3.50,osei.addo@gmail.com,0201000148,2026-01-26,Active
03950483n,Nana Frimpong,Business Administration,400,1.90,nana.frimpong@gmail.com,0271000149,2026-01-27,Inactive
05185050h,Esi Agyapong,Mechanical Engineering,100,3.30,esi.agyapong@gmail.com,0551000150,2026-01-28,Active
06419617c,Efua Baah,Medicine & Surgery,200,3.90,efua.baah@gmail.com,0241000151,2026-01-29,Active
07654184x,Adwoa Boakye,Law,300,2.20,adwoa.boakye@gmail.com,0541000152,2026-01-30,Inactive
08888751s,Kwame Danquah,Mathematics,400,3.60,kwame.danquah@gmail.com,0201000153,2026-01-31,Active
00123318n,Ama Gyan,Statistics,100,2.70,ama.gyan@gmail.com,0271000154,2026-02-01,Active
01357885h,Kofi Kumi,Actuarial Science,200,3.40,kofi.kumi@gmail.com,0551000155,2026-02-02,Active
02592452c,Yaa Ofori,Electrical Engineering,300,3.80,yaa.ofori@gmail.com,0241000156,2026-02-03,Active
03827019x,Yaw Poku,Computer Engineering,400,2.10,yaw.poku@gmail.com,0541000157,2026-02-04,Inactive
05061586s,Akosua Quaye,Civil Engineering,100,3.70,akosua.quaye@gmail.com,0201000158,2026-02-05,Active
06296153n,Kojo Tetteh,Architecture,200,2.80,kojo.tetteh@gmail.com,0271000159,2026-02-06,Active
07530720h,Abena Sarkodie,Business Administration,300,3.30,abena.sarkodie@gmail.com,0551000160,2026-02-07,Active
08765287c,Kwabena Appiah,Mechanical Engineering,100,3.80,kwabena.appiah@gmail.com,0241000161,2026-02-08,Active
09999854x,Afia Owusu,Medicine & Surgery,200,2.40,afia.owusu@gmail.com,0541000162,2026-02-09,Inactive
01234421s,Kwasi Mensah,Law,300,3.50,kwasi.mensah@gmail.com,0201000163,2026-02-10,Active
02468988n,Akua Osei,Mathematics,400,2.70,akua.osei@gmail.com,0271000164,2026-02-11,Active
03703555h,Mensah Boateng,Statistics,100,3.90,mensah.boateng@gmail.com,0551000165,2026-02-12,Active
04938122c,Serwaa Asamoah,Actuarial Science,200,3.00,serwaa.asamoah@gmail.com,0241000166,2026-02-13,Active
06172689x,Osei Arthur,Electrical Engineering,300,2.80,osei.arthur@gmail.com,0541000167,2026-02-14,Active
07407256s,Nana Addo,Computer Engineering,400,3.60,nana.addo@gmail.com,0201000168,2026-02-15,Active
08641823n,Esi Frimpong,Civil Engineering,100,1.80,esi.frimpong@gmail.com,0271000169,2026-02-16,Inactive
09876390h,Efua Agyapong,Architecture,200,3.20,efua.agyapong@gmail.com,0551000170,2026-02-17,Active
01110957c,Adwoa Baah,Business Administration,300,3.80,adwoa.baah@gmail.com,0241000171,2026-02-18,Active
02345524x,Kwame Boakye,Mechanical Engineering,400,2.30,kwame.boakye@gmail.com,0541000172,2026-02-19,Inactive
03580091s,Ama Danquah,Medicine & Surgery,100,3.50,ama.danquah@gmail.com,0201000173,2026-02-20,Active
04814658n,Kofi Gyan,Law,200,2.80,kofi.gyan@gmail.com,0271000174,2026-02-21,Active
06049225h,Yaa Kumi,Mathematics,300,3.40,yaa.kumi@gmail.com,0551000175,2026-02-22,Active
07283792c,Yaw Ofori,Statistics,400,3.90,yaw.ofori@gmail.com,0241000176,2026-02-23,Active
08518359x,Akosua Poku,Actuarial Science,100,2.00,akosua.poku@gmail.com,0541000177,2026-02-24,Inactive
09752926s,Kojo Quaye,Electrical Engineering,200,3.60,kojo.quaye@gmail.com,0201000178,2026-02-25,Active
00987493n,Abena Tetteh,Computer Engineering,300,2.70,abena.tetteh@gmail.com,0271000179,2026-02-26,Active
02222060h,Kwabena Sarkodie,Architecture,400,3.30,kwabena.sarkodie@gmail.com,0551000180,2026-02-27,Active
03456627c,Afia Appiah,Business Administration,200,3.80,afia.appiah@gmail.com,0241000181,2026-02-28,Active
04691194x,Kwasi Owusu,Mechanical Engineering,300,2.50,kwasi.owusu@gmail.com,0541000182,2026-03-01,Inactive
05925761s,Akua Mensah,Medicine & Surgery,400,3.50,akua.mensah@gmail.com,0201000183,2026-03-02,Active
07160328n,Mensah Osei,Law,100,2.60,mensah.osei@gmail.com,0271000184,2026-03-03,Active
08394895h,Serwaa Boateng,Mathematics,200,3.90,serwaa.boateng@gmail.com,0551000185,2026-03-04,Active
09629462c,Osei Asamoah,Statistics,300,3.10,osei.asamoah@gmail.com,0241000186,2026-03-05,Active
00864029x,Nana Arthur,Actuarial Science,400,2.80,nana.arthur@gmail.com,0541000187,2026-03-06,Active
02098596s,Esi Addo,Electrical Engineering,100,3.60,esi.addo@gmail.com,0201000188,2026-03-07,Active
03333163n,Efua Frimpong,Computer Engineering,200,1.70,efua.frimpong@gmail.com,0271000189,2026-03-08,Inactive
04567730h,Adwoa Agyapong,Civil Engineering,300,3.30,adwoa.agyapong@gmail.com,0551000190,2026-03-09,Active
05802297c,Kwame Baah,Architecture,400,3.80,kwame.baah@gmail.com,0241000191,2026-03-10,Active
07036864x,Ama Boakye,Business Administration,100,2.40,ama.boakye@gmail.com,0541000192,2026-03-11,Inactive
08271431s,Kofi Danquah,Mechanical Engineering,200,3.60,kofi.danquah@gmail.com,0201000193,2026-03-12,Active
09505998n,Yaa Gyan,Medicine & Surgery,300,2.90,yaa.gyan@gmail.com,0271000194,2026-03-13,Active
00740565h,Yaw Kumi,Law,400,3.40,yaw.kumi@gmail.com,0551000195,2026-03-14,Active
01975132c,Akosua Ofori,Mathematics,100,3.90,akosua.ofori@gmail.com,0241000196,2026-03-15,Active
03209699x,Kojo Poku,Statistics,200,2.00,kojo.poku@gmail.com,0541000197,2026-03-16,Inactive
04444266s,Abena Quaye,Actuarial Science,300,3.70,abena.quaye@gmail.com,0201000198,2026-03-17,Active
05678833n,Kwabena Tetteh,Electrical Engineering,400,2.80,kwabena.tetteh@gmail.com,0271000199,2026-03-18,Active
06913400h,Afia Sarkodie,Computer Engineering,100,3.40,afia.sarkodie@gmail.com,0551000200,2026-03-19,Active
