Student ID,Full Name,Programme,Level,GPA,Email,Phone,Date Added,Status
04938268q,Yaa Osei,Medicine & Surgery,400,3.90,yaa.osei@gmail.com,0271000004,2025-09-04,Active
05925907c,Ama Appiah,Mathematics,200,3.90,ama.appiah@gmail.com,0241000021,2025-09-21,Active
04444412c,Esi Ofori,Computer Engineering,100,3.90,esi.ofori@gmail.com,0241000036,2025-10-06,Active
02962917c,Mensah Baah,Mechanical Engineering,100,3.90,mensah.baah@gmail.com,0241000051,2025-10-21,Active
00246855h,Abena Boateng,Mathematics,400,3.90,abena.boateng@gmail.com,0551000065,2025-11-04,Active
09999927c,Yaw Appiah,Civil Engineering,100,3.90,yaw.appiah@gmail.com,0241000081,2025-11-20,Active
08518432c,Kwame Ofori,Medicine & Surgery,400,3.90,kwame.ofori@gmail.com,0241000096,2025-12-05,Active
07036937c,Nana Baah,Actuarial Science,400,3.90,nana.baah@gmail.com,0241000111,2025-12-20,Active
04320875h,Kwasi Boateng,Civil Engineering,300,3.90,kwasi.boateng@gmail.com,0551000125,2026-01-03,Active
07901112c,Kofi Ofori,Civil Engineering,200,3.90,kofi.ofori@gmail.com,0241000136,2026-01-14,Active
