Student ID,Full Name,Programme,Level,GPA,Email,Phone,Date Added,Status
01222892b,Ameyaw Samuel,Engineering,200,4.00,samuel@gmail.com,0555536384,2026-02-23,Active
STU004,Yaa Osei,Nursing,400,3.90,yaa.osei@gmail.com,0271000004,2025-09-04,Active
STU021,Ama Appiah,Computer Science,200,3.90,ama.appiah@gmail.com,0241000021,2025-09-21,Active
STU036,Esi Ofori,Nursing,100,3.90,esi.ofori@gmail.com,0241000036,2025-10-06,Active
STU051,Mensah Baah,Business,100,3.90,mensah.baah@gmail.com,0241000051,2025-10-21,Active
STU065,Abena Boateng,Computer Science,400,3.90,abena.boateng@gmail.com,0551000065,2025-11-04,Active
STU081,Yaw Appiah,Computer Science,100,3.90,yaw.appiah@gmail.com,0241000081,2025-11-20,Active
STU096,Kwame Ofori,Nursing,400,3.90,kwame.ofori@gmail.com,0241000096,2025-12-05,Active
STU111,Nana Baah,Business,400,3.90,nana.baah@gmail.com,0241000111,2025-12-20,Active
STU125,Kwasi Boateng,Computer Science,300,3.90,kwasi.boateng@gmail.com,0551000125,2026-01-03,Active
